timestamp_utc,plant_id,source_tag,temperature_c,pressure_kpa,airflow_m3_h,co2_in_ppm,co2_out_ppm,fan_power_kw,capture_rate_kg_h
2026-09-01T00:00:00+00:00,DAC-DEMO-01,OPCUA_SIMULATOR,24.7,100.16,4775.03,418.36,232.75,36.06,1.737
2026-09-01T00:05:00+00:00,DAC-DEMO-01,OPCUA_SIMULATOR,25.96,100.31,4921.92,413.72,251.6,35.03,1.564
2026-09-01T00:10:00+00:00,DAC-DEMO-01,OPCUA_SIMULATOR,21.63,100.58,5149.88,426.08,259.04,35.54,1.686
2026-09-01T00:15:00+00:00,DAC-DEMO-01,OPCUA_SIMULATOR,25.55,100.12,5305.82,429.76,256.12,32.93,1.806
2026-09-01T00:20:00+00:00,DAC-DEMO-01,OPCUA_SIMULATOR,26.29,100.91,4592.75,415.32,226.45,35.62,1.7
2026-09-01T00:25:00+00:00,DAC-DEMO-01,OPCUA_SIMULATOR,25.54,101.85,5036.23,436.35,258.39,35.31,1.757
2026-09-01T00:30:00+00:00,DAC-DEMO-01,OPCUA_SIMULATOR,25.65,101.58,5361.71,426.86,238.84,32.27,1.976
2026-09-01T00:35:00+00:00,DAC-DEMO-01,OPCUA_SIMULATOR,22.64,100.79,4579.79,418.59,259.48,33.67,1.428
2026-09-01T00:40:00+00:00,DAC-DEMO-01,OPCUA_SIMULATOR,24.68,100.98,4870.18,418.03,252.2,37.62,1.583
2026-09-01T00:45:00+00:00,DAC-DEMO-01,OPCUA_SIMULATOR,24.74,101.56,4671.14,430.5,264.18,34.28,1.523
2026-09-01T00:50:00+00:00,DAC-DEMO-01,OPCUA_SIMULATOR,26.45,101.64,5056.95,429.43,234.35,36.66,1.934
2026-09-01T00:55:00+00:00,DAC-DEMO-01,OPCUA_SIMULATOR,22.65,100.18,4815.45,419.43,255.39,37.66,1.548
2026-09-01T01:00:00+00:00,DAC-DEMO-01,OPCUA_SIMULATOR,25.88,100.86,5155.44,422.5,227.53,34.75,1.97
2026-09-01T01:05:00+00:00,DAC-DEMO-01,OPCUA_SIMULATOR,22.82,100.69,5061.37,419.31,239.65,37.39,1.782
2026-09-01T01:10:00+00:00,DAC-DEMO-01,OPCUA_SIMULATOR,23.5,100.63,5497.54,425.23,264.03,32.28,1.737
2026-09-01T01:15:00+00:00,DAC-DEMO-01,OPCUA_SIMULATOR,22.05,101.61,5292.08,423.13,263.88,34.29,1.652
2026-09-01T01:20:00+00:00,DAC-DEMO-01,OPCUA_SIMULATOR,26.48,101.37,5471.08,433.66,272.71,36.32,1.726
2026-09-01T01:25:00+00:00,DAC-DEMO-01,OPCUA_SIMULATOR,24.91,101.39,4766.83,428.38,265.1,34.61,1.526
2026-09-01T01:30:00+00:00,DAC-DEMO-01,OPCUA_SIMULATOR,23.77,102.39,5375.85,419.32,243.18,33.07,1.856
2026-09-01T01:35:00+00:00,DAC-DEMO-01,OPCUA_SIMULATOR,26.06,102.19,4798.44,428.33,243.77,32.92,1.736
2026-09-01T01:40:00+00:00,DAC-DEMO-01,OPCUA_SIMULATOR,25.31,101.39,5278.63,425.73,268.18,33.94,1.63
2026-09-01T01:45:00+00:00,DAC-DEMO-01,OPCUA_SIMULATOR,21.6,102.33,5378.72,432.96,259.45,32.35,1.829
2026-09-01T01:50:00+00:00,DAC-DEMO-01,OPCUA_SIMULATOR,25.89,102.37,4585.65,424.66,264.6,36.56,1.439
2026-09-01T01:55:00+00:00,DAC-DEMO-01,OPCUA_SIMULATOR,25.33,100.41,4975.28,426.2,257.21,37.23,1.648
2026-09-01T02:00:00+00:00,DAC-DEMO-01,OPCUA_SIMULATOR,23.62,100.61,5039.3,430.52,262.57,33.87,1.659
2026-09-01T02:05:00+00:00,DAC-DEMO-01,OPCUA_SIMULATOR,26.48,101.66,4938.1,425.42,262.87,33.35,1.573
2026-09-01T02:10:00+00:00,DAC-DEMO-01,OPCUA_SIMULATOR,23.19,101.51,4730.11,418.29,260.55,35.79,1.462
2026-09-01T02:15:00+00:00,DAC-DEMO-01,OPCUA_SIMULATOR,22.64,102.27,5359.64,414.7,251.39,36.01,1.716
2026-09-01T02:20:00+00:00,DAC-DEMO-01,OPCUA_SIMULATOR,22.57,100.42,5435.51,426.71,248.66,36.71,1.897
2026-09-01T02:25:00+00:00,DAC-DEMO-01,OPCUA_SIMULATOR,25.54,100.56,4596.93,423.35,248.78,34.8,1.573
2026-09-01T02:30:00+00:00,DAC-DEMO-01,OPCUA_SIMULATOR,25.15,101.72,5484.17,415.36,244.95,34.04,1.832
2026-09-01T02:35:00+00:00,DAC-DEMO-01,OPCUA_SIMULATOR,25.81,100.7,4690.21,423.77,249.1,33.67,1.606
2026-09-01T02:40:00+00:00,DAC-DEMO-01,OPCUA_SIMULATOR,22.75,102.32,4943.13,433.67,249.35,32.3,1.786
2026-09-01T02:45:00+00:00,DAC-DEMO-01,OPCUA_SIMULATOR,26.5,102.11,5469.0,435.23,237.26,33.0,2.122
2026-09-01T02:50:00+00:00,DAC-DEMO-01,OPCUA_SIMULATOR,23.93,100.61,4901.04,414.41,245.37,37.91,1.624
2026-09-01T02:55:00+00:00,DAC-DEMO-01,OPCUA_SIMULATOR,,101.98,4955.01,423.15,226.08,37.97,1.914
2026-09-01T03:00:00+00:00,DAC-DEMO-01,OPCUA_SIMULATOR,24.28,101.82,4654.8,420.12,223.98,35.48,1.789
2026-09-01T03:05:00+00:00,DAC-DEMO-01,OPCUA_SIMULATOR,24.21,101.9,4557.17,427.02,247.55,37.12,1.603
2026-09-01T03:10:00+00:00,DAC-DEMO-01,OPCUA_SIMULATOR,22.29,102.41,4580.11,417.46,238.16,36.05,1.61
2026-09-01T03:15:00+00:00,DAC-DEMO-01,OPCUA_SIMULATOR,22.68,100.39,5390.29,418.91,239.01,35.72,1.901
2026-09-01T03:20:00+00:00,DAC-DEMO-01,OPCUA_SIMULATOR,23.6,101.5,5022.78,435.43,265.43,36.3,1.674
2026-09-01T03:25:00+00:00,DAC-DEMO-01,OPCUA_SIMULATOR,22.69,101.05,5171.69,420.2,251.44,36.51,1.711
2026-09-01T03:30:00+00:00,DAC-DEMO-01,OPCUA_SIMULATOR,21.86,101.2,5498.45,436.91,272.05,33.28,1.777
2026-09-01T03:35:00+00:00,DAC-DEMO-01,OPCUA_SIMULATOR,22.83,102.34,5380.86,434.1,257.44,32.95,1.863
2026-09-01T03:40:00+00:00,DAC-DEMO-01,OPCUA_SIMULATOR,25.67,101.79,5111.68,436.69,246.56,32.05,1.905
2026-09-01T03:45:00+00:00,DAC-DEMO-01,OPCUA_SIMULATOR,25.59,100.82,5163.39,435.53,268.54,32.69,1.69
2026-09-01T03:50:00+00:00,DAC-DEMO-01,OPCUA_SIMULATOR,22.04,101.43,4772.35,427.52,238.66,33.22,1.767
2026-09-01T03:55:00+00:00,DAC-DEMO-01,OPCUA_SIMULATOR,24.67,100.73,4988.53,434.73,237.1,32.55,1.932
2026-09-01T04:00:00+00:00,DAC-DEMO-01,OPCUA_SIMULATOR,23.62,100.76,4503.55,431.51,244.36,33.57,1.652
2026-09-01T04:05:00+00:00,DAC-DEMO-01,OPCUA_SIMULATOR,25.21,101.42,4927.69,413.23,257.23,37.3,1.507
2026-09-01T04:10:00+00:00,DAC-DEMO-01,OPCUA_SIMULATOR,26.02,101.41,5334.6,426.98,262.67,32.76,1.718
2026-09-01T04:15:00+00:00,DAC-DEMO-01,OPCUA_SIMULATOR,23.04,102.26,5296.12,433.66,234.22,33.26,2.07
2026-09-01T04:20:00+00:00,DAC-DEMO-01,OPCUA_SIMULATOR,22.75,100.35,5280.12,434.22,255.91,35.72,1.845
2026-09-01T04:25:00+00:00,DAC-DEMO-01,OPCUA_SIMULATOR,22.27,102.33,5364.61,436.43,239.57,37.29,2.07
2026-09-01T04:30:00+00:00,DAC-DEMO-01,OPCUA_SIMULATOR,21.62,101.87,4832.19,435.34,239.34,37.18,1.856
2026-09-01T04:35:00+00:00,DAC-DEMO-01,OPCUA_SIMULATOR,25.55,100.74,5287.37,415.59,225.58,37.15,1.969
2026-09-01T04:40:00+00:00,DAC-DEMO-01,OPCUA_SIMULATOR,22.61,102.06,4960.3,420.32,231.37,33.37,1.837
2026-09-01T04:45:00+00:00,DAC-DEMO-01,OPCUA_SIMULATOR,21.62,100.56,4828.26,433.74,231.32,33.67,1.916
2026-09-01T04:50:00+00:00,DAC-DEMO-01,OPCUA_SIMULATOR,24.71,101.06,5481.15,425.87,228.3,32.69,2.123
2026-09-01T04:55:00+00:00,DAC-DEMO-01,OPCUA_SIMULATOR,26.35,100.53,5462.53,419.37,259.66,34.61,1.71
2026-09-01T05:00:00+00:00,DAC-DEMO-01,OPCUA_SIMULATOR,25.14,100.85,5106.21,425.27,251.54,35.46,1.739
2026-09-01T05:05:00+00:00,DAC-DEMO-01,OPCUA_SIMULATOR,22.77,101.8,4501.69,435.21,250.75,36.32,1.628
2026-09-01T05:10:00+00:00,DAC-DEMO-01,OPCUA_SIMULATOR,25.21,101.71,4864.22,414.68,233.7,33.98,1.725
2026-09-01T05:15:00+00:00,DAC-DEMO-01,OPCUA_SIMULATOR,23.07,102.14,5219.75,420.21,251.73,34.45,1.724
2026-09-01T05:20:00+00:00,DAC-DEMO-01,OPCUA_SIMULATOR,23.51,100.81,4627.29,423.09,226.76,36.06,1.781
2026-09-01T05:25:00+00:00,DAC-DEMO-01,OPCUA_SIMULATOR,26.01,101.58,4800.95,426.15,268.46,33.72,1.484
2026-09-01T05:30:00+00:00,DAC-DEMO-01,OPCUA_SIMULATOR,23.65,101.49,5154.71,424.16,248.47,33.28,1.775
2026-09-01T05:35:00+00:00,DAC-DEMO-01,OPCUA_SIMULATOR,23.87,102.26,5296.02,417.07,259.22,35.09,1.639
2026-09-01T05:40:00+00:00,DAC-DEMO-01,OPCUA_SIMULATOR,24.66,100.9,5318.42,431.03,242.55,33.35,1.965
2026-09-01T05:45:00+00:00,DAC-DEMO-01,OPCUA_SIMULATOR,22.5,100.16,4744.84,424.4,231.31,32.44,1.796
2026-09-01T05:50:00+00:00,DAC-DEMO-01,OPCUA_SIMULATOR,23.57,101.61,4694.44,429.71,249.47,33.46,1.658
2026-09-01T05:55:00+00:00,DAC-DEMO-01,OPCUA_SIMULATOR,24.78,100.11,5250.96,431.48,267.23,34.55,1.69
2026-09-01T06:00:00+00:00,DAC-DEMO-01,OPCUA_SIMULATOR,22.38,102.4,5017.96,414.21,250.63,37.09,1.609
2026-09-01T06:05:00+00:00,DAC-DEMO-01,OPCUA_SIMULATOR,23.78,102.02,5167.58,436.71,249.12,37.7,1.9
2026-09-01T06:10:00+00:00,DAC-DEMO-01,OPCUA_SIMULATOR,25.96,101.57,5219.27,425.11,232.51,35.29,1.97
2026-09-01T06:15:00+00:00,DAC-DEMO-01,OPCUA_SIMULATOR,25.99,101.88,4974.67,419.22,253.74,35.83,1.613
2026-09-01T06:20:00+00:00,DAC-DEMO-01,OPCUA_SIMULATOR,25.33,101.35,5126.75,419.59,261.09,33.71,1.593
2026-09-01T06:25:00+00:00,DAC-DEMO-01,OPCUA_SIMULATOR,22.86,100.87,5040.15,416.32,252.65,36.16,1.617
2026-09-01T06:30:00+00:00,DAC-DEMO-01,OPCUA_SIMULATOR,25.03,100.25,4907.6,426.02,250.68,33.24,1.687
2026-09-01T06:35:00+00:00,DAC-DEMO-01,OPCUA_SIMULATOR,23.6,102.27,5084.08,429.69,233.89,36.59,1.951
2026-09-01T06:40:00+00:00,DAC-DEMO-01,OPCUA_SIMULATOR,23.4,100.11,4851.76,431.08,234.79,37.72,1.867
2026-09-01T06:45:00+00:00,DAC-DEMO-01,OPCUA_SIMULATOR,23.6,101.89,5046.13,427.48,259.88,33.32,1.658
2026-09-01T06:50:00+00:00,DAC-DEMO-01,OPCUA_SIMULATOR,23.68,100.17,4836.13,429.3,253.1,32.99,1.67
2026-09-01T06:55:00+00:00,DAC-DEMO-01,OPCUA_SIMULATOR,23.84,100.41,5122.26,413.65,244.3,35.39,1.7
2026-09-01T07:00:00+00:00,DAC-DEMO-01,OPCUA_SIMULATOR,21.64,101.64,4635.7,424.08,265.04,34.27,1.445
2026-09-01T07:05:00+00:00,DAC-DEMO-01,OPCUA_SIMULATOR,22.56,100.88,5261.23,422.1,234.18,36.99,1.938
2026-09-01T07:10:00+00:00,DAC-DEMO-01,OPCUA_SIMULATOR,22.76,100.3,4519.38,425.95,225.76,34.1,1.773
2026-09-01T07:15:00+00:00,DAC-DEMO-01,OPCUA_SIMULATOR,24.75,101.97,5151.75,431.1,230.66,33.2,2.024
2026-09-01T07:20:00+00:00,DAC-DEMO-01,OPCUA_SIMULATOR,21.6,100.47,4626.22,429.07,246.11,33.31,1.659
2026-09-01T07:25:00+00:00,DAC-DEMO-01,OPCUA_SIMULATOR,25.0,101.94,4667.79,427.57,237.39,32.69,1.74
2026-09-01T07:30:00+00:00,DAC-DEMO-01,OPCUA_SIMULATOR,25.6,102.42,4608.1,413.62,247.68,36.06,1.499
2026-09-01T07:35:00+00:00,DAC-DEMO-01,OPCUA_SIMULATOR,26.29,101.05,5215.01,414.82,232.69,35.76,1.862
2026-09-01T07:40:00+00:00,DAC-DEMO-01,OPCUA_SIMULATOR,22.01,101.95,5350.29,427.41,264.09,37.9,1.713
2026-09-01T07:45:00+00:00,DAC-DEMO-01,OPCUA_SIMULATOR,25.41,100.93,4928.38,421.89,244.45,34.05,1.714
2026-09-01T07:50:00+00:00,DAC-DEMO-01,OPCUA_SIMULATOR,25.75,102.07,4605.54,436.06,247.0,36.97,1.707
2026-09-01T07:55:00+00:00,DAC-DEMO-01,OPCUA_SIMULATOR,25.04,101.15,5233.8,436.17,263.01,36.85,1.776
2026-09-01T08:00:00+00:00,DAC-DEMO-01,OPCUA_SIMULATOR,24.19,101.26,4935.57,430.54,259.69,37.11,1.653
2026-09-01T08:05:00+00:00,DAC-DEMO-01,OPCUA_SIMULATOR,25.65,100.31,5381.63,418.85,244.41,35.66,1.84
2026-09-01T08:10:00+00:00,DAC-DEMO-01,OPCUA_SIMULATOR,23.39,100.17,5350.95,417.36,254.09,36.79,1.712
2026-09-01T08:15:00+00:00,DAC-DEMO-01,OPCUA_SIMULATOR,23.2,102.21,5201.18,419.63,263.94,37.69,1.587
2026-09-01T08:20:00+00:00,DAC-DEMO-01,OPCUA_SIMULATOR,21.93,101.83,4988.58,431.2,241.87,35.88,1.851
2026-09-01T08:25:00+00:00,DAC-DEMO-01,OPCUA_SIMULATOR,23.95,102.0,4593.05,418.32,234.6,33.84,1.654
2026-09-01T08:30:00+00:00,DAC-DEMO-01,OPCUA_SIMULATOR,24.41,101.24,5030.92,423.21,235.05,33.98,1.855
2026-09-01T08:35:00+00:00,DAC-DEMO-01,OPCUA_SIMULATOR,25.01,100.75,4751.4,415.9,254.0,32.72,1.508
2026-09-01T08:40:00+00:00,DAC-DEMO-01,OPCUA_SIMULATOR,24.18,101.93,4685.15,418.19,243.21,36.35,1.607
2026-09-01T08:45:00+00:00,DAC-DEMO-01,OPCUA_SIMULATOR,26.38,101.36,4783.0,415.41,253.65,33.36,1.517
2026-09-01T08:50:00+00:00,DAC-DEMO-01,OPCUA_SIMULATOR,22.4,100.13,5034.14,419.58,223.46,35.32,1.935
2026-09-01T08:55:00+00:00,DAC-DEMO-01,OPCUA_SIMULATOR,24.99,100.4,5368.46,424.78,230.54,35.44,2.044
2026-09-01T09:00:00+00:00,DAC-DEMO-01,OPCUA_SIMULATOR,23.85,101.16,4684.36,414.23,221.98,34.87,1.765
2026-09-01T09:05:00+00:00,DAC-DEMO-01,OPCUA_SIMULATOR,25.61,101.06,4574.08,428.11,267.41,32.9,1.441
2026-09-01T09:10:00+00:00,DAC-DEMO-01,OPCUA_SIMULATOR,24.31,100.83,5493.92,415.84,230.19,35.64,1.999
2026-09-01T09:15:00+00:00,DAC-DEMO-01,OPCUA_SIMULATOR,25.45,100.64,5022.57,423.81,248.24,37.16,1.728
2026-09-01T09:20:00+00:00,DAC-DEMO-01,OPCUA_SIMULATOR,26.45,100.83,5121.03,427.63,237.76,37.69,1.906
2026-09-01T09:25:00+00:00,DAC-DEMO-01,OPCUA_SIMULATOR,22.54,100.61,5160.43,416.77,255.32,32.45,1.633
2026-09-01T09:30:00+00:00,DAC-DEMO-01,OPCUA_SIMULATOR,21.51,101.18,5093.81,419.99,254.87,36.24,1.649
2026-09-01T09:35:00+00:00,DAC-DEMO-01,OPCUA_SIMULATOR,25.01,101.19,5187.38,435.17,239.88,35.75,1.986
2026-09-01T09:40:00+00:00,DAC-DEMO-01,OPCUA_SIMULATOR,24.81,102.34,4925.14,426.07,240.83,37.45,1.788
2026-09-01T09:45:00+00:00,DAC-DEMO-01,OPCUA_SIMULATOR,25.63,100.27,4665.92,420.38,233.36,35.42,1.71
2026-09-01T09:50:00+00:00,DAC-DEMO-01,OPCUA_SIMULATOR,22.94,100.4,5188.68,429.79,230.25,35.0,2.029
2026-09-01T09:55:00+00:00,DAC-DEMO-01,OPCUA_SIMULATOR,23.97,100.29,4539.86,423.37,253.08,33.5,1.515
2026-09-01T10:00:00+00:00,DAC-DEMO-01,OPCUA_SIMULATOR,21.96,102.41,-20.0,426.8,228.31,38.0,2.076
2026-09-01T10:05:00+00:00,DAC-DEMO-01,OPCUA_SIMULATOR,24.86,100.75,4540.23,431.15,251.34,35.91,1.6
2026-09-01T10:10:00+00:00,DAC-DEMO-01,OPCUA_SIMULATOR,26.08,100.54,5085.33,428.23,248.73,32.55,1.789
2026-09-01T10:15:00+00:00,DAC-DEMO-01,OPCUA_SIMULATOR,23.24,100.9,5170.13,433.59,258.86,36.16,1.771
2026-09-01T10:20:00+00:00,DAC-DEMO-01,OPCUA_SIMULATOR,22.94,102.37,5313.57,426.2,249.12,33.89,1.844
2026-09-01T10:25:00+00:00,DAC-DEMO-01,OPCUA_SIMULATOR,23.12,102.43,4904.18,425.35,225.94,35.95,1.917
2026-09-01T10:30:00+00:00,DAC-DEMO-01,OPCUA_SIMULATOR,24.21,101.09,4687.58,421.68,233.76,35.75,1.727
2026-09-01T10:35:00+00:00,DAC-DEMO-01,OPCUA_SIMULATOR,25.3,100.59,5049.22,435.26,255.15,36.19,1.783
2026-09-01T10:40:00+00:00,DAC-DEMO-01,OPCUA_SIMULATOR,22.11,102.44,5108.87,418.74,257.18,35.31,1.618
2026-09-01T10:45:00+00:00,DAC-DEMO-01,OPCUA_SIMULATOR,24.26,100.32,5492.26,434.91,253.92,32.7,1.948
2026-09-01T10:50:00+00:00,DAC-DEMO-01,OPCUA_SIMULATOR,25.66,101.3,5216.6,425.21,256.26,37.01,1.727
2026-09-01T10:55:00+00:00,DAC-DEMO-01,OPCUA_SIMULATOR,26.4,100.68,5051.27,422.21,227.07,35.05,1.932
2026-09-01T11:00:00+00:00,DAC-DEMO-01,OPCUA_SIMULATOR,25.9,102.17,4776.25,431.96,254.21,37.61,1.664
2026-09-01T11:05:00+00:00,DAC-DEMO-01,OPCUA_SIMULATOR,24.04,102.07,4782.84,420.17,240.04,37.99,1.689
2026-09-01T11:10:00+00:00,DAC-DEMO-01,OPCUA_SIMULATOR,23.95,100.46,5038.58,421.28,242.16,35.26,1.769
2026-09-01T11:15:00+00:00,DAC-DEMO-01,OPCUA_SIMULATOR,23.78,100.87,4688.65,429.74,246.16,33.4,1.687
2026-09-01T11:20:00+00:00,DAC-DEMO-01,OPCUA_SIMULATOR,25.38,100.2,5244.71,429.93,235.97,34.32,1.994
2026-09-01T11:25:00+00:00,DAC-DEMO-01,OPCUA_SIMULATOR,24.82,102.07,5480.82,424.89,266.11,35.01,1.706
2026-09-01T11:30:00+00:00,DAC-DEMO-01,OPCUA_SIMULATOR,24.45,102.19,5374.19,423.57,244.57,34.74,1.885
2026-09-01T11:35:00+00:00,DAC-DEMO-01,OPCUA_SIMULATOR,25.11,101.08,5154.78,416.7,242.96,37.82,1.755
2026-09-01T11:40:00+00:00,DAC-DEMO-01,OPCUA_SIMULATOR,23.19,101.76,5149.84,433.44,236.12,37.16,1.992
2026-09-01T11:45:00+00:00,DAC-DEMO-01,OPCUA_SIMULATOR,23.4,100.86,5218.72,431.23,234.05,32.22,2.017
2026-09-01T11:50:00+00:00,DAC-DEMO-01,OPCUA_SIMULATOR,21.84,101.61,5420.93,436.94,242.64,34.6,2.064
2026-09-01T11:55:00+00:00,DAC-DEMO-01,OPCUA_SIMULATOR,21.99,101.62,5372.58,423.65,237.5,37.42,1.96
2026-09-01T12:00:00+00:00,DAC-DEMO-01,OPCUA_SIMULATOR,21.73,102.01,4793.37,422.0,259.71,35.19,1.525
2026-09-01T12:05:00+00:00,DAC-DEMO-01,OPCUA_SIMULATOR,24.33,102.0,4669.98,414.9,225.25,35.72,1.736
2026-09-01T12:10:00+00:00,DAC-DEMO-01,OPCUA_SIMULATOR,22.7,102.29,4643.12,424.07,256.39,33.53,1.526
2026-09-01T12:15:00+00:00,DAC-DEMO-01,OPCUA_SIMULATOR,21.55,102.03,5401.21,429.26,263.65,34.65,1.753
2026-09-01T12:20:00+00:00,DAC-DEMO-01,OPCUA_SIMULATOR,23.23,101.51,5138.94,423.18,256.02,37.07,1.684
2026-09-01T12:25:00+00:00,DAC-DEMO-01,OPCUA_SIMULATOR,22.5,101.02,4983.21,418.69,239.83,35.45,1.747
2026-09-01T12:30:00+00:00,DAC-DEMO-01,OPCUA_SIMULATOR,26.46,100.81,5477.94,428.8,258.37,35.4,1.83
2026-09-01T12:35:00+00:00,DAC-DEMO-01,OPCUA_SIMULATOR,24.93,101.89,4549.04,427.55,248.12,37.42,1.6
2026-09-01T12:40:00+00:00,DAC-DEMO-01,OPCUA_SIMULATOR,22.93,102.02,5107.06,421.46,238.69,35.73,1.829
2026-09-01T12:45:00+00:00,DAC-DEMO-01,OPCUA_SIMULATOR,24.89,101.83,5159.18,433.12,245.65,37.42,1.896
2026-09-01T12:50:00+00:00,DAC-DEMO-01,OPCUA_SIMULATOR,24.73,100.84,4940.82,426.91,237.69,32.54,1.832
2026-09-01T12:55:00+00:00,DAC-DEMO-01,OPCUA_SIMULATOR,22.98,101.89,4675.64,416.17,239.74,37.83,1.617
2026-09-01T13:00:00+00:00,DAC-DEMO-01,OPCUA_SIMULATOR,24.15,102.29,5330.47,419.17,229.51,34.89,1.982
2026-09-01T13:05:00+00:00,DAC-DEMO-01,OPCUA_SIMULATOR,25.53,101.89,4838.72,415.76,221.9,32.84,1.839
2026-09-01T13:10:00+00:00,DAC-DEMO-01,OPCUA_SIMULATOR,26.33,102.16,5224.22,436.52,232.78,36.83,2.086
2026-09-01T13:15:00+00:00,DAC-DEMO-01,OPCUA_SIMULATOR,23.33,102.0,4513.92,425.88,248.93,36.04,1.565
2026-09-01T13:20:00+00:00,DAC-DEMO-01,OPCUA_SIMULATOR,24.86,101.5,5322.42,435.57,269.69,33.4,1.73
2026-09-01T13:25:00+00:00,DAC-DEMO-01,OPCUA_SIMULATOR,21.63,102.22,5061.41,434.97,264.4,32.38,1.692
2026-09-01T13:30:00+00:00,DAC-DEMO-01,OPCUA_SIMULATOR,25.62,102.28,4802.19,422.8,260.45,37.68,1.528
2026-09-01T13:35:00+00:00,DAC-DEMO-01,OPCUA_SIMULATOR,23.02,101.28,4597.19,434.29,267.71,34.72,1.501
2026-09-01T13:40:00+00:00,DAC-DEMO-01,OPCUA_SIMULATOR,24.85,101.88,5445.97,423.06,235.12,32.93,2.006
2026-09-01T13:45:00+00:00,DAC-DEMO-01,OPCUA_SIMULATOR,23.57,100.34,4989.35,422.79,226.13,32.2,1.923
2026-09-01T13:50:00+00:00,DAC-DEMO-01,OPCUA_SIMULATOR,23.35,101.16,5450.56,433.53,268.82,36.11,1.76
2026-09-01T13:55:00+00:00,DAC-DEMO-01,OPCUA_SIMULATOR,24.22,102.45,4858.67,422.56,258.19,32.73,1.565
2026-09-01T14:00:00+00:00,DAC-DEMO-01,OPCUA_SIMULATOR,25.74,101.19,5162.77,428.4,244.31,32.13,1.863
2026-09-01T14:05:00+00:00,DAC-DEMO-01,OPCUA_SIMULATOR,25.43,100.68,4625.92,426.55,265.8,36.59,1.457
2026-09-01T14:10:00+00:00,DAC-DEMO-01,OPCUA_SIMULATOR,22.54,100.62,5369.7,420.89,258.95,37.4,1.704
2026-09-01T14:15:00+00:00,DAC-DEMO-01,OPCUA_SIMULATOR,21.51,102.16,4644.69,416.12,251.73,33.05,1.497
2026-09-01T14:20:00+00:00,DAC-DEMO-01,OPCUA_SIMULATOR,24.81,100.16,4514.86,431.96,261.86,33.94,1.505
2026-09-01T14:25:00+00:00,DAC-DEMO-01,OPCUA_SIMULATOR,22.37,100.23,5241.72,425.63,236.41,34.86,1.944
2026-09-01T14:30:00+00:00,DAC-DEMO-01,OPCUA_SIMULATOR,25.39,101.33,4609.05,425.09,227.62,32.26,1.784
2026-09-01T14:35:00+00:00,DAC-DEMO-01,OPCUA_SIMULATOR,25.42,102.18,5021.45,423.99,226.24,32.36,1.946
2026-09-01T14:40:00+00:00,DAC-DEMO-01,OPCUA_SIMULATOR,23.89,101.06,5186.1,424.77,228.96,32.44,1.99
2026-09-01T14:45:00+00:00,DAC-DEMO-01,OPCUA_SIMULATOR,21.9,101.56,4565.68,419.6,237.78,35.29,1.627
2026-09-01T14:50:00+00:00,DAC-DEMO-01,OPCUA_SIMULATOR,23.13,102.49,5030.56,423.89,241.39,32.6,1.799
2026-09-01T14:55:00+00:00,DAC-DEMO-01,OPCUA_SIMULATOR,25.01,102.15,5150.92,431.46,240.72,33.29,1.926
2026-09-01T15:00:00+00:00,DAC-DEMO-01,OPCUA_SIMULATOR,23.76,100.65,4838.93,423.88,249.41,32.57,1.655
2026-09-01T15:05:00+00:00,DAC-DEMO-01,OPCUA_SIMULATOR,23.63,101.7,4874.3,416.66,224.04,32.4,1.84
2026-09-01T15:10:00+00:00,DAC-DEMO-01,OPCUA_SIMULATOR,25.66,100.32,4596.56,430.73,236.4,35.34,1.751
2026-09-01T15:15:00+00:00,DAC-DEMO-01,OPCUA_SIMULATOR,24.43,101.45,4829.65,415.93,247.33,35.99,1.596
2026-09-01T15:20:00+00:00,DAC-DEMO-01,OPCUA_SIMULATOR,25.25,102.18,5221.06,436.24,248.64,34.11,1.92
2026-09-01T15:25:00+00:00,DAC-DEMO-01,OPCUA_SIMULATOR,24.39,100.61,5156.74,418.38,259.05,37.07,1.61
2026-09-01T15:30:00+00:00,DAC-DEMO-01,OPCUA_SIMULATOR,23.34,101.93,5074.1,432.37,235.85,37.85,1.954
2026-09-01T15:35:00+00:00,DAC-DEMO-01,OPCUA_SIMULATOR,25.59,101.57,5142.7,413.63,222.16,36.98,1.93
2026-09-01T15:40:00+00:00,DAC-DEMO-01,OPCUA_SIMULATOR,22.84,100.53,5202.7,420.42,250.58,32.04,1.732
2026-09-01T15:45:00+00:00,DAC-DEMO-01,OPCUA_SIMULATOR,25.85,101.46,4900.78,416.4,235.97,32.18,1.733
2026-09-01T15:50:00+00:00,DAC-DEMO-01,OPCUA_SIMULATOR,25.23,100.62,4919.83,421.18,249.76,36.33,1.653
2026-09-01T15:55:00+00:00,DAC-DEMO-01,OPCUA_SIMULATOR,25.38,101.46,4584.96,414.26,254.46,35.71,1.436
2026-09-01T16:00:00+00:00,DAC-DEMO-01,OPCUA_SIMULATOR,24.87,100.75,5161.94,424.66,248.76,33.64,1.78
2026-09-01T16:05:00+00:00,DAC-DEMO-01,OPCUA_SIMULATOR,25.27,100.37,4929.91,419.8,235.99,34.92,1.776
2026-09-01T16:10:00+00:00,DAC-DEMO-01,OPCUA_SIMULATOR,24.84,100.21,4895.26,427.38,268.92,33.81,1.52
2026-09-01T16:15:00+00:00,DAC-DEMO-01,OPCUA_SIMULATOR,22.56,100.43,4755.52,420.87,264.83,36.48,1.455
2026-09-01T16:20:00+00:00,DAC-DEMO-01,OPCUA_SIMULATOR,22.38,101.01,5203.67,425.01,232.34,36.84,1.965
2026-09-01T16:25:00+00:00,DAC-DEMO-01,OPCUA_SIMULATOR,21.86,102.17,4542.3,413.45,222.39,37.17,1.701
2026-09-01T16:30:00+00:00,DAC-DEMO-01,OPCUA_SIMULATOR,24.38,101.48,5209.5,423.02,261.63,32.13,1.648
2026-09-01T16:35:00+00:00,DAC-DEMO-01,OPCUA_SIMULATOR,23.12,102.02,5118.13,432.97,232.95,32.53,2.007
2026-09-01T16:40:00+00:00,DAC-DEMO-01,OPCUA_SIMULATOR,25.72,100.68,5088.87,425.58,251.27,33.86,1.739
2026-09-01T16:45:00+00:00,DAC-DEMO-01,OPCUA_SIMULATOR,23.2,100.9,4668.13,425.25,263.06,35.06,1.484
2026-09-01T16:50:00+00:00,DAC-DEMO-01,OPCUA_SIMULATOR,26.03,100.94,5227.38,432.65,237.31,33.42,2.001
2026-09-01T16:55:00+00:00,DAC-DEMO-01,OPCUA_SIMULATOR,22.23,100.57,5102.4,431.25,243.42,33.06,1.878
2026-09-01T17:00:00+00:00,DAC-DEMO-01,OPCUA_SIMULATOR,25.36,101.29,5254.45,431.24,252.32,37.54,1.843
2026-09-01T17:05:00+00:00,DAC-DEMO-01,OPCUA_SIMULATOR,24.32,101.62,5124.52,433.74,246.05,32.91,1.885
2026-09-01T17:10:00+00:00,DAC-DEMO-01,OPCUA_SIMULATOR,21.84,101.16,4802.82,419.59,261.99,35.04,1.484
2026-09-01T17:15:00+00:00,DAC-DEMO-01,OPCUA_SIMULATOR,23.05,101.18,4556.89,432.96,269.44,37.19,1.46
2026-09-01T17:20:00+00:00,DAC-DEMO-01,OPCUA_SIMULATOR,25.78,101.58,5007.07,424.11,243.68,36.75,1.771
2026-09-01T17:25:00+00:00,DAC-DEMO-01,OPCUA_SIMULATOR,25.98,101.18,5309.82,428.64,256.26,34.85,1.794
2026-09-01T17:30:00+00:00,DAC-DEMO-01,OPCUA_SIMULATOR,22.25,100.25,4603.5,434.58,258.86,36.29,1.585
2026-09-01T17:35:00+00:00,DAC-DEMO-01,OPCUA_SIMULATOR,24.02,100.51,4747.74,423.51,248.2,35.14,1.631
2026-09-01T17:40:00+00:00,DAC-DEMO-01,OPCUA_SIMULATOR,22.29,100.99,4782.89,422.81,252.06,35.59,1.601
2026-09-01T17:45:00+00:00,DAC-DEMO-01,OPCUA_SIMULATOR,25.45,101.65,4565.91,415.27,233.45,33.7,1.627
2026-09-01T17:50:00+00:00,DAC-DEMO-01,OPCUA_SIMULATOR,25.12,101.68,5406.34,433.96,258.93,35.5,1.855
2026-09-01T17:55:00+00:00,DAC-DEMO-01,OPCUA_SIMULATOR,22.21,100.94,5467.7,429.76,253.91,35.57,1.885
2026-09-01T18:00:00+00:00,DAC-DEMO-01,OPCUA_SIMULATOR,26.19,100.84,4876.68,432.0,237.03,36.02,1.864
2026-09-01T18:05:00+00:00,DAC-DEMO-01,OPCUA_SIMULATOR,25.64,101.87,5185.41,425.63,240.65,34.54,1.88
2026-09-01T18:10:00+00:00,DAC-DEMO-01,OPCUA_SIMULATOR,23.31,100.97,4680.26,418.14,223.8,34.92,1.783
2026-09-01T18:15:00+00:00,DAC-DEMO-01,OPCUA_SIMULATOR,22.63,100.43,4577.17,433.27,268.58,36.63,1.477
2026-09-01T18:20:00+00:00,DAC-DEMO-01,OPCUA_SIMULATOR,25.68,102.22,4537.75,421.08,900.0,32.79,1.673
2026-09-01T18:25:00+00:00,DAC-DEMO-01,OPCUA_SIMULATOR,23.38,100.49,5331.35,431.51,236.94,32.99,2.033
2026-09-01T18:30:00+00:00,DAC-DEMO-01,OPCUA_SIMULATOR,23.69,101.09,5176.36,418.7,245.18,33.71,1.76
2026-09-01T18:35:00+00:00,DAC-DEMO-01,OPCUA_SIMULATOR,25.24,101.18,5034.01,420.43,230.87,34.81,1.87
2026-09-01T18:40:00+00:00,DAC-DEMO-01,OPCUA_SIMULATOR,25.68,100.98,5447.13,436.63,254.92,33.69,1.94
2026-09-01T18:45:00+00:00,DAC-DEMO-01,OPCUA_SIMULATOR,23.41,101.37,5466.27,432.61,237.88,32.83,2.086
2026-09-01T18:50:00+00:00,DAC-DEMO-01,OPCUA_SIMULATOR,22.75,101.64,5374.12,426.31,264.2,37.08,1.708
2026-09-01T18:55:00+00:00,DAC-DEMO-01,OPCUA_SIMULATOR,25.76,100.78,5263.12,419.55,226.33,32.88,1.993
2026-09-01T19:00:00+00:00,DAC-DEMO-01,OPCUA_SIMULATOR,23.69,102.37,4722.04,423.83,252.19,32.16,1.588
2026-09-01T19:05:00+00:00,DAC-DEMO-01,OPCUA_SIMULATOR,21.77,101.3,4735.78,436.87,258.85,32.17,1.652
2026-09-01T19:10:00+00:00,DAC-DEMO-01,OPCUA_SIMULATOR,26.15,102.11,5149.96,431.99,266.21,33.72,1.673
2026-09-01T19:15:00+00:00,DAC-DEMO-01,OPCUA_SIMULATOR,25.65,101.77,4638.79,429.93,251.57,32.03,1.622
2026-09-01T19:20:00+00:00,DAC-DEMO-01,OPCUA_SIMULATOR,21.9,100.71,5334.96,426.17,237.5,35.17,1.973
2026-09-01T19:25:00+00:00,DAC-DEMO-01,OPCUA_SIMULATOR,22.06,100.79,4801.15,414.15,243.53,36.76,1.606
2026-09-01T19:30:00+00:00,DAC-DEMO-01,OPCUA_SIMULATOR,23.79,100.37,5405.15,427.32,268.51,35.09,1.682
2026-09-01T19:35:00+00:00,DAC-DEMO-01,OPCUA_SIMULATOR,22.71,100.44,4929.24,427.76,259.2,34.5,1.629
2026-09-01T19:40:00+00:00,DAC-DEMO-01,OPCUA_SIMULATOR,24.82,100.31,5474.65,414.62,239.4,35.04,1.88
2026-09-01T19:45:00+00:00,DAC-DEMO-01,OPCUA_SIMULATOR,26.44,101.43,4890.45,424.28,240.33,37.89,1.763
2026-09-01T19:50:00+00:00,DAC-DEMO-01,OPCUA_SIMULATOR,22.77,100.14,5288.52,421.28,234.53,35.77,1.936
2026-09-01T19:55:00+00:00,DAC-DEMO-01,OPCUA_SIMULATOR,25.36,101.86,4832.52,414.06,238.25,36.88,1.665
2026-09-01T20:00:00+00:00,DAC-DEMO-01,OPCUA_SIMULATOR,22.38,101.97,4964.62,429.69,243.56,36.87,1.811
2026-09-01T20:05:00+00:00,DAC-DEMO-01,OPCUA_SIMULATOR,21.82,101.96,4957.68,420.04,262.79,33.2,1.528
2026-09-01T20:10:00+00:00,DAC-DEMO-01,OPCUA_SIMULATOR,21.71,102.34,5015.38,436.74,251.43,33.52,1.822
2026-09-01T20:15:00+00:00,DAC-DEMO-01,OPCUA_SIMULATOR,25.27,100.56,4856.97,431.74,234.62,33.99,1.877
2026-09-01T20:20:00+00:00,DAC-DEMO-01,OPCUA_SIMULATOR,22.12,100.98,5389.49,430.84,232.88,34.32,2.091
2026-09-01T20:25:00+00:00,DAC-DEMO-01,OPCUA_SIMULATOR,26.37,101.29,4997.52,435.18,251.57,36.81,1.799
2026-09-01T20:30:00+00:00,DAC-DEMO-01,OPCUA_SIMULATOR,25.14,100.29,5102.45,432.74,249.02,33.93,1.837
2026-09-01T20:35:00+00:00,DAC-DEMO-01,OPCUA_SIMULATOR,21.9,101.69,4806.5,427.46,251.09,36.14,1.662
2026-09-01T20:40:00+00:00,DAC-DEMO-01,OPCUA_SIMULATOR,23.26,100.2,5370.04,421.46,223.45,33.65,2.084
2026-09-01T20:45:00+00:00,DAC-DEMO-01,OPCUA_SIMULATOR,26.4,102.37,4575.04,428.3,254.27,36.81,1.561
2026-09-01T20:50:00+00:00,DAC-DEMO-01,OPCUA_SIMULATOR,24.9,102.39,4642.78,427.58,235.97,32.21,1.744
2026-09-01T20:55:00+00:00,DAC-DEMO-01,OPCUA_SIMULATOR,21.84,101.97,4866.33,422.19,242.03,35.63,1.718
2026-09-01T21:00:00+00:00,DAC-DEMO-01,OPCUA_SIMULATOR,24.9,102.38,4872.01,431.31,246.97,35.18,1.76
2026-09-01T21:05:00+00:00,DAC-DEMO-01,OPCUA_SIMULATOR,23.49,101.66,4749.61,415.72,231.32,34.99,1.717
2026-09-01T21:10:00+00:00,DAC-DEMO-01,OPCUA_SIMULATOR,23.43,101.45,4761.78,419.25,245.42,37.98,1.622
2026-09-01T21:15:00+00:00,DAC-DEMO-01,OPCUA_SIMULATOR,22.93,102.3,4991.2,415.94,226.57,34.71,1.853
2026-09-01T21:20:00+00:00,DAC-DEMO-01,OPCUA_SIMULATOR,25.99,101.17,4587.79,429.37,234.2,33.92,1.755
2026-09-01T21:25:00+00:00,DAC-DEMO-01,OPCUA_SIMULATOR,23.24,100.26,5042.17,434.39,236.68,36.27,1.954
2026-09-01T21:30:00+00:00,DAC-DEMO-01,OPCUA_SIMULATOR,26.14,101.63,5293.7,425.21,262.72,33.21,1.686
2026-09-01T21:35:00+00:00,DAC-DEMO-01,OPCUA_SIMULATOR,22.19,102.0,4526.28,426.3,252.84,36.82,1.539
2026-09-01T21:40:00+00:00,DAC-DEMO-01,OPCUA_SIMULATOR,24.26,101.57,4586.22,420.42,222.84,36.31,1.776
2026-09-01T21:45:00+00:00,DAC-DEMO-01,OPCUA_SIMULATOR,24.13,101.95,5323.34,414.77,220.97,35.85,2.022
2026-09-01T21:50:00+00:00,DAC-DEMO-01,OPCUA_SIMULATOR,23.75,101.73,4844.51,434.07,239.6,35.84,1.847
2026-09-01T21:55:00+00:00,DAC-DEMO-01,OPCUA_SIMULATOR,22.41,102.42,4932.62,434.86,271.55,32.74,1.579
2026-09-01T22:00:00+00:00,DAC-DEMO-01,OPCUA_SIMULATOR,22.27,100.5,4822.66,430.02,256.04,37.65,1.645
2026-09-01T22:05:00+00:00,DAC-DEMO-01,OPCUA_SIMULATOR,25.97,102.13,4750.61,428.24,246.2,32.75,1.695
2026-09-01T22:10:00+00:00,DAC-DEMO-01,OPCUA_SIMULATOR,23.01,101.38,5002.57,417.05,223.47,32.93,1.898
2026-09-01T22:15:00+00:00,DAC-DEMO-01,OPCUA_SIMULATOR,24.79,101.83,5105.14,433.22,248.51,36.95,1.848
2026-09-01T22:20:00+00:00,DAC-DEMO-01,OPCUA_SIMULATOR,21.64,100.21,5141.45,426.84,241.12,36.6,1.872
2026-09-01T22:25:00+00:00,DAC-DEMO-01,OPCUA_SIMULATOR,23.58,101.63,4998.04,428.05,257.27,37.74,1.673
2026-09-01T22:30:00+00:00,DAC-DEMO-01,OPCUA_SIMULATOR,23.91,102.03,5184.99,420.14,261.62,32.36,1.611
2026-09-01T22:35:00+00:00,DAC-DEMO-01,OPCUA_SIMULATOR,23.7,101.26,4704.02,427.56,256.0,36.31,1.582
2026-09-01T22:40:00+00:00,DAC-DEMO-01,OPCUA_SIMULATOR,25.17,102.17,5475.37,416.14,246.75,35.37,1.818
2026-09-01T22:45:00+00:00,DAC-DEMO-01,OPCUA_SIMULATOR,23.1,101.22,4767.47,418.95,259.88,33.74,1.486
2026-09-01T22:50:00+00:00,DAC-DEMO-01,OPCUA_SIMULATOR,23.42,101.58,4748.27,433.77,266.35,33.96,1.558
2026-09-01T22:55:00+00:00,DAC-DEMO-01,OPCUA_SIMULATOR,24.39,100.85,5263.12,424.96,245.85,34.99,1.848
2026-09-01T23:00:00+00:00,DAC-DEMO-01,OPCUA_SIMULATOR,23.04,100.16,5445.23,425.13,226.74,33.29,2.117
2026-09-01T23:05:00+00:00,DAC-DEMO-01,OPCUA_SIMULATOR,23.26,100.22,4994.89,434.18,245.12,34.82,1.851
2026-09-01T23:10:00+00:00,DAC-DEMO-01,OPCUA_SIMULATOR,24.18,102.13,4930.93,434.18,241.95,36.58,1.858
2026-09-01T23:15:00+00:00,DAC-DEMO-01,OPCUA_SIMULATOR,23.33,101.06,5070.28,417.67,240.03,32.44,1.765
2026-09-01T23:20:00+00:00,DAC-DEMO-01,OPCUA_SIMULATOR,24.02,101.93,4779.72,436.74,245.43,32.71,1.792
2026-09-01T23:25:00+00:00,DAC-DEMO-01,OPCUA_SIMULATOR,26.38,101.05,5294.9,421.14,225.77,36.53,2.027
2026-09-01T23:30:00+00:00,DAC-DEMO-01,OPCUA_SIMULATOR,22.5,101.32,5000.08,414.09,255.2,34.0,1.557
2026-09-01T23:35:00+00:00,DAC-DEMO-01,OPCUA_SIMULATOR,23.87,101.2,5106.26,425.37,254.03,35.68,1.715
2026-09-01T23:40:00+00:00,DAC-DEMO-01,OPCUA_SIMULATOR,22.31,102.48,5239.32,420.18,250.58,36.97,1.742
2026-09-01T23:45:00+00:00,DAC-DEMO-01,OPCUA_SIMULATOR,24.16,101.8,4799.79,432.58,256.59,36.04,1.656
2026-09-01T23:50:00+00:00,DAC-DEMO-01,OPCUA_SIMULATOR,26.4,101.5,5296.75,430.41,241.54,32.16,1.961
2026-09-01T23:55:00+00:00,DAC-DEMO-01,OPCUA_SIMULATOR,23.87,102.42,5282.9,431.63,246.99,36.33,1.912
2026-09-02T00:00:00+00:00,DAC-DEMO-01,OPCUA_SIMULATOR,24.42,100.51,5129.03,427.87,233.57,32.89,1.953
2026-09-02T00:05:00+00:00,DAC-DEMO-01,OPCUA_SIMULATOR,24.9,100.18,5448.21,415.64,261.06,33.88,1.651
2026-09-02T00:10:00+00:00,DAC-DEMO-01,OPCUA_SIMULATOR,22.26,101.76,4910.38,431.6,232.18,37.24,1.919
2026-09-02T00:15:00+00:00,DAC-DEMO-01,OPCUA_SIMULATOR,25.18,100.25,4638.08,417.98,249.74,35.97,1.529
2026-09-02T00:20:00+00:00,DAC-DEMO-01,OPCUA_SIMULATOR,24.13,100.85,4673.18,434.89,259.09,34.13,1.61
2026-09-02T00:25:00+00:00,DAC-DEMO-01,OPCUA_SIMULATOR,25.36,101.83,5143.31,429.64,244.46,33.15,1.867
2026-09-02T00:30:00+00:00,DAC-DEMO-01,OPCUA_SIMULATOR,22.73,101.44,4724.87,436.35,261.91,33.73,1.615
2026-09-02T00:35:00+00:00,DAC-DEMO-01,OPCUA_SIMULATOR,22.54,101.79,4817.04,421.37,226.12,36.77,1.843
2026-09-02T00:40:00+00:00,DAC-DEMO-01,OPCUA_SIMULATOR,22.87,100.39,5176.62,422.11,224.56,36.91,2.004
2026-09-02T00:45:00+00:00,DAC-DEMO-01,OPCUA_SIMULATOR,26.27,102.03,4790.45,419.9,234.55,34.08,1.74
2026-09-02T00:50:00+00:00,DAC-DEMO-01,OPCUA_SIMULATOR,23.71,100.72,4979.08,417.85,240.74,37.6,1.728
2026-09-02T00:55:00+00:00,DAC-DEMO-01,OPCUA_SIMULATOR,24.98,100.43,5115.68,427.08,258.71,36.02,1.688
2026-09-02T01:00:00+00:00,DAC-DEMO-01,OPCUA_SIMULATOR,24.16,101.63,4552.49,422.92,236.1,32.6,1.667
2026-09-02T01:05:00+00:00,DAC-DEMO-01,OPCUA_SIMULATOR,25.35,100.11,5050.35,435.3,256.53,37.61,1.77
2026-09-02T01:10:00+00:00,DAC-DEMO-01,OPCUA_SIMULATOR,25.89,101.25,4699.46,436.13,260.76,35.88,1.615
2026-09-02T01:15:00+00:00,DAC-DEMO-01,OPCUA_SIMULATOR,26.04,100.31,5074.13,425.84,237.49,37.62,1.873
2026-09-02T01:20:00+00:00,DAC-DEMO-01,OPCUA_SIMULATOR,26.07,100.52,5382.24,417.22,224.48,37.98,2.033
2026-09-02T01:25:00+00:00,DAC-DEMO-01,OPCUA_SIMULATOR,23.48,101.29,5436.61,436.09,234.35,37.26,2.15
2026-09-02T01:30:00+00:00,DAC-DEMO-01,OPCUA_SIMULATOR,21.55,101.46,4607.3,436.59,262.63,37.93,1.571
2026-09-02T01:35:00+00:00,DAC-DEMO-01,OPCUA_SIMULATOR,24.22,101.29,5438.56,433.43,252.77,33.16,1.926
2026-09-02T01:40:00+00:00,DAC-DEMO-01,OPCUA_SIMULATOR,22.06,100.49,4958.91,419.17,256.27,36.42,1.583
2026-09-02T01:45:00+00:00,DAC-DEMO-01,OPCUA_SIMULATOR,25.45,101.46,5257.28,417.21,227.12,37.38,1.959
2026-09-02T01:50:00+00:00,DAC-DEMO-01,OPCUA_SIMULATOR,25.63,101.34,4586.74,429.06,262.38,32.84,1.498
2026-09-02T01:55:00+00:00,DAC-DEMO-01,OPCUA_SIMULATOR,23.12,100.7,4760.79,418.65,232.19,37.72,1.74
2026-09-02T02:00:00+00:00,DAC-DEMO-01,OPCUA_SIMULATOR,23.01,101.83,4511.44,428.69,240.38,32.37,1.665
2026-09-02T02:05:00+00:00,DAC-DEMO-01,OPCUA_SIMULATOR,22.09,100.84,4905.42,425.06,229.74,36.22,1.878
2026-09-02T02:10:00+00:00,DAC-DEMO-01,OPCUA_SIMULATOR,23.05,100.38,5416.13,420.08,238.83,33.31,1.924
2026-09-02T02:15:00+00:00,DAC-DEMO-01,OPCUA_SIMULATOR,22.17,100.47,5247.73,427.54,251.57,35.3,1.81
2026-09-02T02:20:00+00:00,DAC-DEMO-01,OPCUA_SIMULATOR,23.85,101.39,5164.09,418.24,253.14,36.53,1.671
2026-09-02T02:25:00+00:00,DAC-DEMO-01,OPCUA_SIMULATOR,25.87,100.3,4946.75,429.89,267.47,35.39,1.575
2026-09-02T02:30:00+00:00,DAC-DEMO-01,OPCUA_SIMULATOR,21.81,101.41,5005.49,426.74,262.45,33.97,1.612
2026-09-02T02:35:00+00:00,DAC-DEMO-01,OPCUA_SIMULATOR,24.1,100.38,4705.4,427.0,265.12,35.06,1.493
2026-09-02T02:40:00+00:00,DAC-DEMO-01,OPCUA_SIMULATOR,25.54,101.19,5013.25,423.96,264.65,34.77,1.565
2026-09-02T02:45:00+00:00,DAC-DEMO-01,OPCUA_SIMULATOR,25.53,101.84,4895.95,432.59,240.27,35.47,1.846
2026-09-02T02:50:00+00:00,DAC-DEMO-01,OPCUA_SIMULATOR,21.73,100.93,4563.76,436.86,234.39,32.41,1.811
2026-09-02T02:55:00+00:00,DAC-DEMO-01,OPCUA_SIMULATOR,26.17,100.18,4908.87,431.46,238.77,37.87,1.854
2026-09-02T03:00:00+00:00,DAC-DEMO-01,OPCUA_SIMULATOR,24.73,101.11,5492.86,422.18,229.26,37.44,2.077
2026-09-02T03:05:00+00:00,DAC-DEMO-01,OPCUA_SIMULATOR,23.38,101.74,5161.79,425.94,240.51,34.09,1.876
2026-09-02T03:10:00+00:00,DAC-DEMO-01,OPCUA_SIMULATOR,22.39,101.39,5028.84,430.47,261.61,32.02,1.664
2026-09-02T03:15:00+00:00,DAC-DEMO-01,OPCUA_SIMULATOR,21.61,100.82,5173.5,426.07,245.76,36.94,1.828
2026-09-02T03:20:00+00:00,DAC-DEMO-01,OPCUA_SIMULATOR,22.74,100.93,4775.65,435.5,242.79,32.68,1.804
2026-09-02T03:25:00+00:00,DAC-DEMO-01,OPCUA_SIMULATOR,25.55,101.11,5266.05,434.21,272.87,33.24,1.665
2026-09-02T03:30:00+00:00,DAC-DEMO-01,OPCUA_SIMULATOR,22.0,100.18,5097.78,429.88,268.73,500.0,1.61
2026-09-02T03:35:00+00:00,DAC-DEMO-01,OPCUA_SIMULATOR,23.51,100.66,4717.27,433.73,270.8,35.02,1.506
2026-09-02T03:40:00+00:00,DAC-DEMO-01,OPCUA_SIMULATOR,22.95,102.06,5231.52,420.65,239.86,36.04,1.854
2026-09-02T03:45:00+00:00,DAC-DEMO-01,OPCUA_SIMULATOR,23.1,100.82,4643.26,428.85,260.69,33.8,1.53
2026-09-02T03:50:00+00:00,DAC-DEMO-01,OPCUA_SIMULATOR,21.8,102.38,5379.71,434.88,246.75,34.56,1.984
2026-09-02T03:55:00+00:00,DAC-DEMO-01,OPCUA_SIMULATOR,23.98,102.43,5441.59,429.11,236.62,33.91,2.053
2026-09-02T04:00:00+00:00,DAC-DEMO-01,OPCUA_SIMULATOR,23.58,100.46,4876.46,431.11,251.18,37.1,1.72
2026-09-02T04:05:00+00:00,DAC-DEMO-01,OPCUA_SIMULATOR,23.0,101.8,5305.78,434.95,249.56,37.81,1.928
2026-09-02T04:10:00+00:00,DAC-DEMO-01,OPCUA_SIMULATOR,24.29,100.42,4742.86,417.88,236.24,37.53,1.689
2026-09-02T04:15:00+00:00,DAC-DEMO-01,OPCUA_SIMULATOR,25.74,100.32,5224.58,417.57,251.86,36.04,1.697
2026-09-02T04:20:00+00:00,DAC-DEMO-01,OPCUA_SIMULATOR,24.51,102.2,4688.16,431.28,240.47,35.35,1.753
2026-09-02T04:25:00+00:00,DAC-DEMO-01,OPCUA_SIMULATOR,23.9,102.19,4832.96,435.97,273.99,37.62,1.534
2026-09-02T04:30:00+00:00,DAC-DEMO-01,OPCUA_SIMULATOR,26.31,100.38,5499.57,424.49,257.13,35.63,1.804
2026-09-02T04:35:00+00:00,DAC-DEMO-01,OPCUA_SIMULATOR,22.52,102.3,5052.08,431.61,255.49,35.2,1.744
2026-09-02T04:40:00+00:00,DAC-DEMO-01,OPCUA_SIMULATOR,23.3,100.73,5012.82,424.93,263.52,37.89,1.586
2026-09-02T04:45:00+00:00,DAC-DEMO-01,OPCUA_SIMULATOR,23.85,102.12,5414.33,421.9,248.33,35.38,1.842
2026-09-02T04:50:00+00:00,DAC-DEMO-01,OPCUA_SIMULATOR,22.61,100.45,4760.77,435.43,249.11,34.51,1.739
2026-09-02T04:55:00+00:00,DAC-DEMO-01,OPCUA_SIMULATOR,22.26,100.89,4879.84,433.0,251.17,35.93,1.739
2026-09-02T05:00:00+00:00,DAC-DEMO-01,OPCUA_SIMULATOR,24.92,100.72,5321.59,436.2,246.81,34.94,1.975
2026-09-02T05:05:00+00:00,DAC-DEMO-01,OPCUA_SIMULATOR,22.34,102.01,4669.27,430.29,250.07,37.5,1.649
2026-09-02T05:10:00+00:00,DAC-DEMO-01,OPCUA_SIMULATOR,24.21,101.64,4558.73,413.81,225.66,37.67,1.681
2026-09-02T05:15:00+00:00,DAC-DEMO-01,OPCUA_SIMULATOR,24.84,101.93,4912.39,433.22,262.9,36.24,1.64
2026-09-02T05:20:00+00:00,DAC-DEMO-01,OPCUA_SIMULATOR,21.55,101.31,4873.2,427.83,241.01,35.7,1.784
2026-09-02T05:25:00+00:00,DAC-DEMO-01,OPCUA_SIMULATOR,23.92,101.27,4506.61,426.24,268.03,35.18,1.397
2026-09-02T05:30:00+00:00,DAC-DEMO-01,OPCUA_SIMULATOR,22.87,102.45,4517.14,432.52,243.33,36.84,1.675
2026-09-02T05:35:00+00:00,DAC-DEMO-01,OPCUA_SIMULATOR,26.05,100.36,4596.31,416.57,254.45,35.16,1.461
2026-09-02T05:40:00+00:00,DAC-DEMO-01,OPCUA_SIMULATOR,25.58,100.74,4896.9,421.95,248.7,35.39,1.663
2026-09-02T05:45:00+00:00,DAC-DEMO-01,OPCUA_SIMULATOR,26.45,100.64,5184.04,433.35,244.68,37.15,1.917
2026-09-02T05:50:00+00:00,DAC-DEMO-01,OPCUA_SIMULATOR,25.3,100.32,4879.26,426.26,266.15,32.06,1.531
2026-09-02T05:55:00+00:00,DAC-DEMO-01,OPCUA_SIMULATOR,22.36,101.3,4933.91,431.83,247.61,37.15,1.781
2026-09-02T06:00:00+00:00,DAC-DEMO-01,OPCUA_SIMULATOR,21.98,101.37,4542.55,418.07,227.09,37.33,1.7
2026-09-02T06:05:00+00:00,DAC-DEMO-01,OPCUA_SIMULATOR,23.88,100.21,4574.35,435.21,235.05,35.38,1.795
2026-09-02T06:10:00+00:00,DAC-DEMO-01,OPCUA_SIMULATOR,21.66,102.33,4814.48,436.08,249.13,36.51,1.764
2026-09-02T06:15:00+00:00,DAC-DEMO-01,OPCUA_SIMULATOR,25.06,101.06,4576.94,416.9,252.62,37.01,1.474
2026-09-02T06:20:00+00:00,DAC-DEMO-01,OPCUA_SIMULATOR,23.45,102.25,4831.73,431.13,265.58,37.93,1.568
2026-09-02T06:25:00+00:00,DAC-DEMO-01,OPCUA_SIMULATOR,25.12,101.3,5474.32,414.29,242.89,37.03,1.839
2026-09-02T06:30:00+00:00,DAC-DEMO-01,OPCUA_SIMULATOR,23.2,101.95,5454.86,422.52,233.5,32.18,2.021
2026-09-02T06:35:00+00:00,DAC-DEMO-01,OPCUA_SIMULATOR,22.87,102.48,4990.6,421.54,225.9,34.59,1.914
2026-09-02T06:40:00+00:00,DAC-DEMO-01,OPCUA_SIMULATOR,24.9,101.69,4585.69,427.85,235.4,36.28,1.73
2026-09-02T06:45:00+00:00,DAC-DEMO-01,OPCUA_SIMULATOR,21.91,100.47,5211.68,428.21,238.1,33.9,1.942
2026-09-02T06:50:00+00:00,DAC-DEMO-01,OPCUA_SIMULATOR,22.03,100.11,4808.27,421.64,254.26,32.8,1.577
2026-09-02T06:55:00+00:00,DAC-DEMO-01,OPCUA_SIMULATOR,22.44,101.18,5054.74,422.79,265.25,34.12,1.561
2026-09-02T07:00:00+00:00,DAC-DEMO-01,OPCUA_SIMULATOR,21.97,101.54,4824.43,422.25,253.69,34.33,1.594
2026-09-02T07:05:00+00:00,DAC-DEMO-01,OPCUA_SIMULATOR,21.92,102.26,5405.21,436.48,250.02,33.02,1.975
2026-09-02T07:10:00+00:00,DAC-DEMO-01,OPCUA_SIMULATOR,23.4,100.43,4801.13,424.83,264.96,34.61,1.504
2026-09-02T07:15:00+00:00,DAC-DEMO-01,OPCUA_SIMULATOR,23.61,101.26,4576.92,419.04,253.66,35.75,1.484
2026-09-02T07:20:00+00:00,DAC-DEMO-01,OPCUA_SIMULATOR,24.47,100.57,4606.97,420.31,224.92,33.99,1.764
2026-09-02T07:25:00+00:00,DAC-DEMO-01,OPCUA_SIMULATOR,24.6,102.03,4829.54,421.03,230.92,37.16,1.8
2026-09-02T07:30:00+00:00,DAC-DEMO-01,OPCUA_SIMULATOR,26.37,100.43,4820.67,435.73,265.76,33.89,1.606
2026-09-02T07:35:00+00:00,DAC-DEMO-01,OPCUA_SIMULATOR,26.32,102.42,4791.45,429.68,249.6,35.46,1.691
2026-09-02T07:40:00+00:00,DAC-DEMO-01,OPCUA_SIMULATOR,22.71,101.0,5316.49,422.43,261.32,35.38,1.679
2026-09-02T07:45:00+00:00,DAC-DEMO-01,OPCUA_SIMULATOR,24.46,101.41,5181.71,426.2,227.89,34.77,2.014
2026-09-02T07:50:00+00:00,DAC-DEMO-01,OPCUA_SIMULATOR,25.04,101.15,4791.33,429.63,235.48,36.77,1.823
2026-09-02T07:55:00+00:00,DAC-DEMO-01,OPCUA_SIMULATOR,23.55,101.3,5133.34,418.81,236.26,36.29,1.837
2026-09-02T08:00:00+00:00,DAC-DEMO-01,OPCUA_SIMULATOR,25.45,100.28,5490.7,424.5,250.42,35.04,1.873
2026-09-02T08:05:00+00:00,DAC-DEMO-01,OPCUA_SIMULATOR,26.1,101.76,5043.65,431.98,256.61,37.37,1.734
2026-09-02T08:10:00+00:00,DAC-DEMO-01,OPCUA_SIMULATOR,24.18,101.63,4584.98,431.45,243.44,34.13,1.69
2026-09-02T08:15:00+00:00,DAC-DEMO-01,OPCUA_SIMULATOR,24.73,100.21,5483.61,429.26,253.28,36.52,1.891
2026-09-02T08:20:00+00:00,DAC-DEMO-01,OPCUA_SIMULATOR,26.33,101.13,4510.55,419.21,242.69,35.11,1.561
2026-09-02T08:25:00+00:00,DAC-DEMO-01,OPCUA_SIMULATOR,24.4,101.48,4945.78,422.39,233.48,35.53,1.831
2026-09-02T08:30:00+00:00,DAC-DEMO-01,OPCUA_SIMULATOR,24.0,100.93,4524.56,415.51,244.49,37.77,1.517
2026-09-02T08:35:00+00:00,DAC-DEMO-01,OPCUA_SIMULATOR,22.08,102.36,4641.68,420.49,245.76,33.24,1.59
2026-09-02T08:40:00+00:00,DAC-DEMO-01,OPCUA_SIMULATOR,23.91,101.24,4938.17,429.72,257.02,33.8,1.672
2026-09-02T08:45:00+00:00,DAC-DEMO-01,OPCUA_SIMULATOR,25.55,100.38,5349.18,428.55,240.97,32.99,1.967
2026-09-02T08:50:00+00:00,DAC-DEMO-01,OPCUA_SIMULATOR,26.42,100.69,4674.45,416.84,239.27,37.75,1.627
2026-09-02T08:55:00+00:00,DAC-DEMO-01,OPCUA_SIMULATOR,22.66,101.07,4684.45,428.37,251.36,32.18,1.625
2026-09-02T09:00:00+00:00,DAC-DEMO-01,OPCUA_SIMULATOR,24.57,100.57,5092.2,422.33,236.31,33.23,1.857
2026-09-02T09:05:00+00:00,DAC-DEMO-01,OPCUA_SIMULATOR,25.26,102.04,4562.56,415.44,225.5,33.12,1.699
2026-09-02T09:10:00+00:00,DAC-DEMO-01,OPCUA_SIMULATOR,23.13,101.2,4762.35,433.7,250.35,35.83,1.711
2026-09-02T09:15:00+00:00,DAC-DEMO-01,OPCUA_SIMULATOR,24.48,101.57,5087.0,421.35,229.82,35.7,1.91
2026-09-02T09:20:00+00:00,DAC-DEMO-01,OPCUA_SIMULATOR,25.57,101.79,4797.44,427.75,265.86,32.8,1.522
2026-09-02T09:25:00+00:00,DAC-DEMO-01,OPCUA_SIMULATOR,22.09,100.83,4683.04,429.64,248.73,34.51,1.661
2026-09-02T09:30:00+00:00,DAC-DEMO-01,OPCUA_SIMULATOR,22.19,101.02,4685.75,428.25,240.1,35.87,1.728
2026-09-02T09:35:00+00:00,DAC-DEMO-01,OPCUA_SIMULATOR,26.5,101.43,4989.64,416.37,249.21,34.71,1.635
2026-09-02T09:40:00+00:00,DAC-DEMO-01,OPCUA_SIMULATOR,21.77,100.96,4509.58,416.28,228.32,37.78,1.661
2026-09-02T09:45:00+00:00,DAC-DEMO-01,OPCUA_SIMULATOR,24.03,101.29,5184.7,422.98,230.95,34.93,1.951
2026-09-02T09:50:00+00:00,DAC-DEMO-01,OPCUA_SIMULATOR,21.91,100.17,5261.06,420.01,253.06,35.23,1.722
2026-09-02T09:55:00+00:00,DAC-DEMO-01,OPCUA_SIMULATOR,22.34,101.2,5242.52,431.38,248.06,32.68,1.884
2026-09-02T10:00:00+00:00,DAC-DEMO-01,OPCUA_SIMULATOR,22.07,101.96,5323.28,421.8,231.04,32.25,1.99
2026-09-02T10:05:00+00:00,DAC-DEMO-01,OPCUA_SIMULATOR,25.09,101.41,5489.78,415.46,227.25,36.51,2.025
2026-09-02T10:10:00+00:00,DAC-DEMO-01,OPCUA_SIMULATOR,22.99,102.5,4949.73,421.37,231.05,34.63,1.846
2026-09-02T10:15:00+00:00,DAC-DEMO-01,OPCUA_SIMULATOR,26.47,101.96,4736.95,432.46,247.02,34.1,1.722
2026-09-02T10:20:00+00:00,DAC-DEMO-01,OPCUA_SIMULATOR,25.05,101.62,4665.98,416.34,253.69,33.24,1.487
2026-09-02T10:25:00+00:00,DAC-DEMO-01,OPCUA_SIMULATOR,21.8,100.94,4781.09,425.93,254.55,36.22,1.606
2026-09-02T10:30:00+00:00,DAC-DEMO-01,OPCUA_SIMULATOR,22.95,100.74,5358.02,436.65,245.43,32.57,2.008
2026-09-02T10:35:00+00:00,DAC-DEMO-01,OPCUA_SIMULATOR,26.31,101.99,5418.77,436.82,237.32,32.76,2.119
2026-09-02T10:40:00+00:00,DAC-DEMO-01,OPCUA_SIMULATOR,25.83,100.7,5211.39,432.88,239.75,36.06,1.973
2026-09-02T10:45:00+00:00,DAC-DEMO-01,OPCUA_SIMULATOR,23.95,101.49,4768.72,422.94,247.34,35.8,1.641
2026-09-02T10:50:00+00:00,DAC-DEMO-01,OPCUA_SIMULATOR,25.9,100.32,5015.61,419.68,225.1,34.21,1.913
2026-09-02T10:55:00+00:00,DAC-DEMO-01,OPCUA_SIMULATOR,26.25,100.89,4502.47,431.58,240.27,36.39,1.688
2026-09-02T11:00:00+00:00,DAC-DEMO-01,OPCUA_SIMULATOR,23.79,101.69,4858.22,414.52,238.99,33.31,1.671
2026-09-02T11:05:00+00:00,DAC-DEMO-01,OPCUA_SIMULATOR,23.65,100.61,4768.54,432.88,258.09,35.47,1.634
2026-09-02T11:10:00+00:00,DAC-DEMO-01,OPCUA_SIMULATOR,24.33,101.26,4843.74,429.38,268.43,32.6,1.528
2026-09-02T11:15:00+00:00,DAC-DEMO-01,OPCUA_SIMULATOR,25.42,101.2,4624.24,433.58,254.02,32.0,1.627
2026-09-02T11:20:00+00:00,DAC-DEMO-01,OPCUA_SIMULATOR,26.29,100.59,5188.59,416.17,235.13,32.95,1.841
2026-09-02T11:25:00+00:00,DAC-DEMO-01,OPCUA_SIMULATOR,26.16,100.76,5154.59,419.01,248.4,37.42,1.724
2026-09-02T11:30:00+00:00,DAC-DEMO-01,OPCUA_SIMULATOR,22.33,101.05,4805.51,429.79,260.7,35.93,1.593
2026-09-02T11:35:00+00:00,DAC-DEMO-01,OPCUA_SIMULATOR,25.02,100.1,4976.81,416.18,252.78,36.08,1.594
2026-09-02T11:40:00+00:00,DAC-DEMO-01,OPCUA_SIMULATOR,21.55,101.77,5317.11,436.72,256.69,32.79,1.876
2026-09-02T11:45:00+00:00,DAC-DEMO-01,OPCUA_SIMULATOR,21.85,101.02,5230.76,415.46,248.72,37.29,1.709
2026-09-02T11:50:00+00:00,DAC-DEMO-01,OPCUA_SIMULATOR,22.19,101.96,5253.16,416.2,220.88,32.86,2.011
2026-09-02T11:55:00+00:00,DAC-DEMO-01,OPCUA_SIMULATOR,24.15,100.12,5150.02,423.56,236.24,35.77,1.891
2026-09-02T12:00:00+00:00,DAC-DEMO-01,OPCUA_SIMULATOR,22.26,101.09,5186.57,433.64,269.43,32.6,1.669
2026-09-02T12:05:00+00:00,DAC-DEMO-01,OPCUA_SIMULATOR,25.26,101.51,4884.03,436.12,261.04,32.84,1.676
2026-09-02T12:10:00+00:00,DAC-DEMO-01,OPCUA_SIMULATOR,22.88,100.3,5053.4,427.4,243.29,36.67,1.824
2026-09-02T12:15:00+00:00,DAC-DEMO-01,OPCUA_SIMULATOR,24.95,102.13,5158.41,420.24,242.99,35.06,1.792
2026-09-02T12:20:00+00:00,DAC-DEMO-01,OPCUA_SIMULATOR,25.24,100.81,4554.57,434.55,232.28,34.97,1.806
2026-09-02T12:25:00+00:00,DAC-DEMO-01,OPCUA_SIMULATOR,22.06,101.3,5093.93,425.68,226.56,37.92,1.988
2026-09-02T12:30:00+00:00,DAC-DEMO-01,OPCUA_SIMULATOR,26.17,100.42,5360.81,426.64,253.19,36.1,1.822
2026-09-02T12:35:00+00:00,DAC-DEMO-01,OPCUA_SIMULATOR,25.31,102.39,5270.37,413.4,257.65,33.57,1.609
2026-09-02T12:40:00+00:00,DAC-DEMO-01,OPCUA_SIMULATOR,21.7,100.25,5289.29,425.16,241.13,35.01,1.908
2026-09-02T12:45:00+00:00,DAC-DEMO-01,OPCUA_SIMULATOR,23.58,101.78,4582.43,425.88,242.07,33.66,1.651
2026-09-02T12:50:00+00:00,DAC-DEMO-01,OPCUA_SIMULATOR,23.05,101.33,4703.2,432.39,249.21,34.34,1.689
2026-09-02T12:55:00+00:00,DAC-DEMO-01,OPCUA_SIMULATOR,24.67,102.1,5181.06,414.59,232.22,36.38,1.852
2026-09-02T13:00:00+00:00,DAC-DEMO-01,OPCUA_SIMULATOR,25.73,100.24,4586.21,423.43,247.56,35.65,1.581
2026-09-02T13:05:00+00:00,DAC-DEMO-01,OPCUA_SIMULATOR,23.05,101.88,5240.66,415.87,232.56,36.21,1.883
2026-09-02T13:10:00+00:00,DAC-DEMO-01,OPCUA_SIMULATOR,22.32,102.39,5023.01,431.79,240.91,33.0,1.879
2026-09-02T13:15:00+00:00,DAC-DEMO-01,OPCUA_SIMULATOR,22.13,101.97,4768.76,434.27,240.09,32.18,1.815
2026-09-02T13:20:00+00:00,DAC-DEMO-01,OPCUA_SIMULATOR,25.54,100.75,4563.87,430.1,246.16,32.46,1.645
2026-09-02T13:25:00+00:00,DAC-DEMO-01,OPCUA_SIMULATOR,23.78,100.96,4999.61,426.61,253.08,33.53,1.7
2026-09-02T13:30:00+00:00,DAC-DEMO-01,OPCUA_SIMULATOR,22.01,101.48,5222.78,418.48,242.35,32.26,1.803
2026-09-02T13:35:00+00:00,DAC-DEMO-01,OPCUA_SIMULATOR,25.81,100.69,4971.76,422.19,259.64,37.59,1.584
2026-09-02T13:40:00+00:00,DAC-DEMO-01,OPCUA_SIMULATOR,25.79,101.43,5413.95,430.78,253.32,33.93,1.883
2026-09-02T13:45:00+00:00,DAC-DEMO-01,OPCUA_SIMULATOR,23.58,101.83,4771.26,414.87,245.9,35.01,1.58
2026-09-02T13:50:00+00:00,DAC-DEMO-01,OPCUA_SIMULATOR,26.01,100.53,5304.34,436.55,233.38,32.41,2.112
2026-09-02T13:55:00+00:00,DAC-DEMO-01,OPCUA_SIMULATOR,23.83,100.78,5344.85,420.86,241.86,32.05,1.875
2026-09-02T14:00:00+00:00,DAC-DEMO-01,OPCUA_SIMULATOR,22.5,101.45,4803.91,427.95,249.75,35.55,1.678
2026-09-02T14:05:00+00:00,DAC-DEMO-01,OPCUA_SIMULATOR,23.97,101.95,4695.42,434.61,240.75,33.47,1.784
2026-09-02T14:10:00+00:00,DAC-DEMO-01,OPCUA_SIMULATOR,21.53,101.08,4733.0,421.31,230.06,37.26,1.774
2026-09-02T14:15:00+00:00,DAC-DEMO-01,OPCUA_SIMULATOR,26.25,100.1,5157.3,433.38,241.51,32.62,1.939
2026-09-02T14:20:00+00:00,DAC-DEMO-01,OPCUA_SIMULATOR,24.15,100.67,4992.03,414.44,219.78,36.27,1.905
2026-09-02T14:25:00+00:00,DAC-DEMO-01,OPCUA_SIMULATOR,21.97,102.31,5397.29,425.47,238.23,34.23,1.981
2026-09-02T14:30:00+00:00,DAC-DEMO-01,OPCUA_SIMULATOR,26.37,100.3,4595.58,416.2,228.08,32.45,1.694
2026-09-02T14:35:00+00:00,DAC-DEMO-01,OPCUA_SIMULATOR,24.34,101.14,5464.22,418.68,252.84,33.89,1.776
2026-09-02T14:40:00+00:00,DAC-DEMO-01,OPCUA_SIMULATOR,25.5,101.78,5235.35,420.63,253.56,32.45,1.714
2026-09-02T14:45:00+00:00,DAC-DEMO-01,OPCUA_SIMULATOR,22.51,101.97,5084.71,416.73,255.69,34.8,1.605
2026-09-02T14:50:00+00:00,DAC-DEMO-01,OPCUA_SIMULATOR,23.53,101.39,5464.63,417.98,250.44,33.59,1.794
2026-09-02T14:55:00+00:00,DAC-DEMO-01,OPCUA_SIMULATOR,22.1,100.48,5186.05,432.83,242.52,32.24,1.934
2026-09-02T15:00:00+00:00,DAC-DEMO-01,OPCUA_SIMULATOR,25.68,100.89,4591.21,418.96,249.04,35.08,1.529
2026-09-02T15:05:00+00:00,DAC-DEMO-01,OPCUA_SIMULATOR,24.89,100.72,5490.68,413.75,243.93,34.71,1.828
2026-09-02T15:10:00+00:00,DAC-DEMO-01,OPCUA_SIMULATOR,25.24,100.7,4962.04,432.29,266.3,32.07,1.614
2026-09-02T15:15:00+00:00,DAC-DEMO-01,OPCUA_SIMULATOR,25.65,102.46,4630.72,432.77,256.53,35.78,1.6
2026-09-02T15:20:00+00:00,DAC-DEMO-01,OPCUA_SIMULATOR,24.72,101.5,4758.82,432.51,271.54,32.39,1.501
2026-09-02T15:25:00+00:00,DAC-DEMO-01,OPCUA_SIMULATOR,26.01,101.16,4628.79,434.72,237.82,33.99,1.786
2026-09-02T15:30:00+00:00,DAC-DEMO-01,OPCUA_SIMULATOR,21.71,101.21,4667.99,426.77,233.8,34.37,1.766
2026-09-02T15:35:00+00:00,DAC-DEMO-01,OPCUA_SIMULATOR,21.65,101.74,4672.81,418.15,255.61,33.68,1.489
2026-09-02T15:40:00+00:00,DAC-DEMO-01,OPCUA_SIMULATOR,25.92,100.18,5119.18,418.9,251.54,34.47,1.679
2026-09-02T15:45:00+00:00,DAC-DEMO-01,OPCUA_SIMULATOR,24.25,100.25,4779.78,416.29,253.96,37.31,1.521
2026-09-02T15:50:00+00:00,DAC-DEMO-01,OPCUA_SIMULATOR,24.13,101.61,5302.17,432.08,229.46,36.69,2.106
2026-09-02T15:55:00+00:00,DAC-DEMO-01,OPCUA_SIMULATOR,23.3,101.41,4984.68,434.9,252.14,34.33,1.786
2026-09-02T16:00:00+00:00,DAC-DEMO-01,OPCUA_SIMULATOR,22.4,100.87,4719.02,434.5,239.91,32.35,1.8
2026-09-02T16:05:00+00:00,DAC-DEMO-01,OPCUA_SIMULATOR,26.46,101.37,5266.84,436.99,232.74,32.6,2.108
2026-09-02T16:10:00+00:00,DAC-DEMO-01,OPCUA_SIMULATOR,24.78,100.74,5316.29,435.01,271.63,37.98,1.702
2026-09-02T16:15:00+00:00,DAC-DEMO-01,OPCUA_SIMULATOR,22.6,102.13,5297.39,421.52,230.18,37.07,1.987
2026-09-02T16:20:00+00:00,DAC-DEMO-01,OPCUA_SIMULATOR,22.38,101.52,5306.21,429.74,231.46,32.17,2.062
2026-09-02T16:25:00+00:00,DAC-DEMO-01,OPCUA_SIMULATOR,25.0,102.37,5063.61,426.51,260.68,37.93,1.646
2026-09-02T16:30:00+00:00,DAC-DEMO-01,OPCUA_SIMULATOR,25.91,101.28,4809.05,424.77,263.77,33.4,1.518
2026-09-02T16:35:00+00:00,DAC-DEMO-01,OPCUA_SIMULATOR,22.59,101.36,4500.68,435.03,265.3,32.78,1.497
2026-09-02T16:40:00+00:00,DAC-DEMO-01,OPCUA_SIMULATOR,25.08,102.31,5344.28,420.77,264.16,35.52,1.64
2026-09-02T16:45:00+00:00,DAC-DEMO-01,OPCUA_SIMULATOR,26.09,101.96,5346.48,433.66,231.55,34.24,2.118
2026-09-02T16:50:00+00:00,DAC-DEMO-01,OPCUA_SIMULATOR,26.21,101.05,4601.03,420.24,259.02,32.95,1.454
2026-09-02T16:55:00+00:00,DAC-DEMO-01,OPCUA_SIMULATOR,26.24,102.0,5460.66,428.58,262.54,37.81,1.777
2026-09-02T17:00:00+00:00,DAC-DEMO-01,OPCUA_SIMULATOR,24.97,102.33,5286.99,418.36,238.93,33.05,1.859
2026-09-02T17:05:00+00:00,DAC-DEMO-01,OPCUA_SIMULATOR,23.03,101.75,4627.35,430.49,230.37,37.69,1.815
2026-09-02T17:10:00+00:00,DAC-DEMO-01,OPCUA_SIMULATOR,23.46,102.49,5465.18,413.78,235.75,37.53,1.907
2026-09-02T17:15:00+00:00,DAC-DEMO-01,OPCUA_SIMULATOR,26.34,100.63,5065.55,435.48,268.23,36.47,1.661
2026-09-02T17:20:00+00:00,DAC-DEMO-01,OPCUA_SIMULATOR,22.69,102.46,4667.89,434.25,269.72,36.25,1.505
2026-09-02T17:25:00+00:00,DAC-DEMO-01,OPCUA_SIMULATOR,24.7,102.23,4946.63,419.37,253.74,32.41,1.606
2026-09-02T17:30:00+00:00,DAC-DEMO-01,OPCUA_SIMULATOR,22.78,100.36,4501.28,422.26,235.09,37.81,1.651
2026-09-02T17:35:00+00:00,DAC-DEMO-01,OPCUA_SIMULATOR,25.92,101.28,4878.71,426.1,264.12,34.88,1.549
2026-09-02T17:40:00+00:00,DAC-DEMO-01,OPCUA_SIMULATOR,25.82,101.66,5187.16,416.9,259.58,37.07,1.6
2026-09-02T17:45:00+00:00,DAC-DEMO-01,OPCUA_SIMULATOR,22.97,100.86,5451.66,414.78,254.26,34.25,1.715
2026-09-02T17:50:00+00:00,DAC-DEMO-01,OPCUA_SIMULATOR,25.16,101.41,5398.12,415.23,236.93,35.68,1.887
2026-09-02T17:55:00+00:00,DAC-DEMO-01,OPCUA_SIMULATOR,23.91,100.17,5442.44,416.96,225.59,32.94,2.041
2026-09-02T18:00:00+00:00,DAC-DEMO-01,OPCUA_SIMULATOR,22.01,100.59,4689.98,429.73,239.7,36.38,1.747
2026-09-02T18:05:00+00:00,DAC-DEMO-01,OPCUA_SIMULATOR,22.83,100.78,4737.55,414.19,237.26,37.04,1.643
2026-09-02T18:10:00+00:00,DAC-DEMO-01,OPCUA_SIMULATOR,22.27,100.97,4927.61,420.07,236.83,35.6,1.77
2026-09-02T18:15:00+00:00,DAC-DEMO-01,OPCUA_SIMULATOR,22.5,100.16,4670.83,420.0,261.16,37.06,1.454
2026-09-02T18:20:00+00:00,DAC-DEMO-01,OPCUA_SIMULATOR,23.04,101.05,4989.1,428.86,266.28,35.26,1.59
2026-09-02T18:25:00+00:00,DAC-DEMO-01,OPCUA_SIMULATOR,22.42,102.23,4869.4,423.7,255.77,34.79,1.603
2026-09-02T18:30:00+00:00,DAC-DEMO-01,OPCUA_SIMULATOR,22.63,100.74,4561.64,431.05,242.79,32.51,1.683
2026-09-02T18:35:00+00:00,DAC-DEMO-01,OPCUA_SIMULATOR,23.22,101.4,5470.71,427.15,245.46,37.04,1.948
2026-09-02T18:40:00+00:00,DAC-DEMO-01,OPCUA_SIMULATOR,25.59,101.1,5035.51,433.81,252.7,37.29,1.787
2026-09-02T18:45:00+00:00,DAC-DEMO-01,OPCUA_SIMULATOR,23.88,100.29,5402.78,430.14,249.39,37.4,1.914
2026-09-02T18:50:00+00:00,DAC-DEMO-01,OPCUA_SIMULATOR,25.5,101.73,5120.27,415.89,230.52,33.04,1.86
2026-09-02T18:55:00+00:00,DAC-DEMO-01,OPCUA_SIMULATOR,26.42,102.43,5308.46,416.03,244.48,37.93,1.785
2026-09-02T19:00:00+00:00,DAC-DEMO-01,OPCUA_SIMULATOR,23.68,102.49,5127.23,433.02,261.63,37.46,1.722
2026-09-02T19:05:00+00:00,DAC-DEMO-01,OPCUA_SIMULATOR,26.07,100.26,4888.1,422.54,252.42,33.66,1.63
2026-09-02T19:10:00+00:00,DAC-DEMO-01,OPCUA_SIMULATOR,23.79,102.2,5286.55,427.95,247.25,34.52,1.872
2026-09-02T19:15:00+00:00,DAC-DEMO-01,OPCUA_SIMULATOR,23.57,100.46,5087.93,431.2,231.14,37.55,1.995
2026-09-02T19:20:00+00:00,DAC-DEMO-01,OPCUA_SIMULATOR,24.31,100.34,4786.09,425.86,253.64,34.47,1.615
2026-09-02T19:25:00+00:00,DAC-DEMO-01,OPCUA_SIMULATOR,23.42,101.27,5108.96,413.9,249.36,32.86,1.648
2026-09-02T19:30:00+00:00,DAC-DEMO-01,OPCUA_SIMULATOR,24.54,101.76,4538.78,434.35,259.24,33.43,1.558
2026-09-02T19:35:00+00:00,DAC-DEMO-01,OPCUA_SIMULATOR,25.23,102.31,5397.03,413.49,226.7,33.82,1.976
2026-09-02T19:40:00+00:00,DAC-DEMO-01,OPCUA_SIMULATOR,22.9,101.28,5196.18,415.36,225.58,32.81,1.933
2026-09-02T19:45:00+00:00,DAC-DEMO-01,OPCUA_SIMULATOR,26.37,101.16,5325.82,419.47,246.78,35.87,1.803
2026-09-02T19:50:00+00:00,DAC-DEMO-01,OPCUA_SIMULATOR,22.44,100.61,5323.97,430.78,238.68,37.2,2.005
2026-09-02T19:55:00+00:00,DAC-DEMO-01,OPCUA_SIMULATOR,25.61,101.34,4658.97,420.47,243.59,32.81,1.615
2026-09-02T20:00:00+00:00,DAC-DEMO-01,OPCUA_SIMULATOR,25.76,102.21,4528.95,417.63,228.32,37.02,1.68
2026-09-02T20:05:00+00:00,DAC-DEMO-01,OPCUA_SIMULATOR,22.75,101.2,5418.03,429.91,259.07,36.94,1.814
2026-09-02T20:10:00+00:00,DAC-DEMO-01,OPCUA_SIMULATOR,24.03,101.62,4623.87,413.73,245.24,35.56,1.527
2026-09-02T20:15:00+00:00,DAC-DEMO-01,OPCUA_SIMULATOR,22.39,102.19,5086.88,421.39,258.59,37.37,1.623
2026-09-02T20:20:00+00:00,DAC-DEMO-01,OPCUA_SIMULATOR,25.24,101.75,4785.07,422.28,259.16,35.43,1.53
2026-09-02T20:25:00+00:00,DAC-DEMO-01,OPCUA_SIMULATOR,26.32,102.16,5147.38,429.26,258.89,34.46,1.719
2026-09-02T20:30:00+00:00,DAC-DEMO-01,OPCUA_SIMULATOR,21.6,101.97,5267.57,413.21,222.66,35.88,1.967
2026-09-02T20:35:00+00:00,DAC-DEMO-01,OPCUA_SIMULATOR,24.51,100.12,4752.39,432.32,259.16,37.8,1.613
2026-09-02T20:40:00+00:00,DAC-DEMO-01,OPCUA_SIMULATOR,24.71,101.12,4876.48,421.37,254.84,34.8,1.592
2026-09-02T20:45:00+00:00,DAC-DEMO-01,OPCUA_SIMULATOR,24.89,102.08,4897.15,415.46,240.49,35.97,1.679
2026-09-02T20:50:00+00:00,DAC-DEMO-01,OPCUA_SIMULATOR,25.72,101.0,5147.34,427.62,256.64,32.65,1.725
2026-09-02T20:55:00+00:00,DAC-DEMO-01,OPCUA_SIMULATOR,21.82,102.47,5140.59,433.68,261.89,36.27,1.731
2026-09-02T21:00:00+00:00,DAC-DEMO-01,OPCUA_SIMULATOR,25.96,100.82,4649.93,431.37,232.95,36.83,1.808
2026-09-02T21:05:00+00:00,DAC-DEMO-01,OPCUA_SIMULATOR,25.51,101.54,5160.53,429.34,239.52,35.93,1.92
2026-09-02T21:10:00+00:00,DAC-DEMO-01,OPCUA_SIMULATOR,26.49,100.72,4918.57,422.32,264.57,36.25,1.521
2026-09-02T21:15:00+00:00,DAC-DEMO-01,OPCUA_SIMULATOR,24.36,100.56,5226.55,418.34,241.19,36.71,1.815
2026-09-02T21:20:00+00:00,DAC-DEMO-01,OPCUA_SIMULATOR,26.03,101.71,5007.31,433.29,236.55,37.26,1.931
2026-09-02T21:25:00+00:00,DAC-DEMO-01,OPCUA_SIMULATOR,22.41,100.33,4627.94,419.21,230.21,36.58,1.714
2026-09-02T21:30:00+00:00,DAC-DEMO-01,OPCUA_SIMULATOR,22.42,101.73,4835.63,415.14,246.79,36.47,1.596
2026-09-02T21:35:00+00:00,DAC-DEMO-01,OPCUA_SIMULATOR,23.04,101.99,4831.32,419.25,251.8,37.11,1.586
2026-09-02T21:40:00+00:00,DAC-DEMO-01,OPCUA_SIMULATOR,23.85,102.18,5083.57,435.66,271.37,37.34,1.637
2026-09-02T21:45:00+00:00,DAC-DEMO-01,OPCUA_SIMULATOR,24.0,102.18,4881.67,420.16,262.43,37.13,1.509
2026-09-02T21:50:00+00:00,DAC-DEMO-01,OPCUA_SIMULATOR,22.19,100.58,4909.19,426.67,230.12,34.75,1.891
2026-09-02T21:55:00+00:00,DAC-DEMO-01,OPCUA_SIMULATOR,23.08,101.82,5278.94,424.7,240.76,33.06,1.903
2026-09-02T22:00:00+00:00,DAC-DEMO-01,OPCUA_SIMULATOR,24.67,100.11,4773.53,431.27,264.43,36.59,1.561
2026-09-02T22:05:00+00:00,DAC-DEMO-01,OPCUA_SIMULATOR,23.95,101.93,4588.04,427.75,242.38,34.42,1.667
2026-09-02T22:10:00+00:00,DAC-DEMO-01,OPCUA_SIMULATOR,26.33,101.02,4537.73,417.79,247.62,32.08,1.513
2026-09-02T22:15:00+00:00,DAC-DEMO-01,OPCUA_SIMULATOR,23.11,102.1,4690.58,429.24,243.52,33.49,1.707
2026-09-02T22:20:00+00:00,DAC-DEMO-01,OPCUA_SIMULATOR,24.97,100.93,4628.93,422.21,241.14,33.0,1.643
2026-09-02T22:25:00+00:00,DAC-DEMO-01,OPCUA_SIMULATOR,25.62,100.82,4790.83,430.47,245.52,34.03,1.737
2026-09-02T22:30:00+00:00,DAC-DEMO-01,OPCUA_SIMULATOR,25.94,102.49,4842.73,434.63,258.2,33.13,1.675
2026-09-02T22:35:00+00:00,DAC-DEMO-01,OPCUA_SIMULATOR,26.24,102.3,4903.39,418.48,233.21,32.79,1.781
2026-09-02T22:40:00+00:00,DAC-DEMO-01,OPCUA_SIMULATOR,25.17,101.52,4668.98,421.8,238.29,32.22,1.679
2026-09-02T22:45:00+00:00,DAC-DEMO-01,OPCUA_SIMULATOR,25.88,100.71,5034.73,414.17,219.73,35.97,1.919
2026-09-02T22:50:00+00:00,DAC-DEMO-01,OPCUA_SIMULATOR,24.77,100.15,5189.75,423.0,250.41,35.28,1.756
2026-09-02T22:55:00+00:00,DAC-DEMO-01,OPCUA_SIMULATOR,23.87,100.47,5195.19,428.13,256.83,35.97,1.744
2026-09-02T23:00:00+00:00,DAC-DEMO-01,OPCUA_SIMULATOR,24.81,100.75,5105.63,416.29,227.68,32.63,1.887
2026-09-02T23:05:00+00:00,DAC-DEMO-01,OPCUA_SIMULATOR,25.09,100.38,4614.01,415.55,253.54,33.2,1.465
2026-09-02T23:10:00+00:00,DAC-DEMO-01,OPCUA_SIMULATOR,22.81,101.36,4701.67,429.88,258.13,32.24,1.583
2026-09-02T23:15:00+00:00,DAC-DEMO-01,OPCUA_SIMULATOR,23.98,100.6,5433.12,420.93,265.07,36.03,1.66
2026-09-02T23:20:00+00:00,DAC-DEMO-01,OPCUA_SIMULATOR,26.03,102.1,5169.02,416.58,258.69,35.07,1.6
2026-09-02T23:25:00+00:00,DAC-DEMO-01,OPCUA_SIMULATOR,25.12,100.34,4755.89,418.55,222.3,33.78,1.829
2026-09-02T23:30:00+00:00,DAC-DEMO-01,OPCUA_SIMULATOR,23.82,100.34,4674.7,413.95,248.76,36.81,1.514
2026-09-02T23:35:00+00:00,DAC-DEMO-01,OPCUA_SIMULATOR,23.06,101.87,4595.0,431.2,269.68,37.11,1.455
2026-09-02T23:40:00+00:00,DAC-DEMO-01,OPCUA_SIMULATOR,24.82,100.51,4857.53,423.51,240.47,37.27,1.743
2026-09-02T23:45:00+00:00,DAC-DEMO-01,OPCUA_SIMULATOR,21.96,102.06,4682.87,422.62,225.58,33.63,1.808
2026-09-02T23:50:00+00:00,DAC-DEMO-01,OPCUA_SIMULATOR,23.43,102.14,5299.9,428.57,235.85,32.68,2.002
2026-09-02T23:55:00+00:00,DAC-DEMO-01,OPCUA_SIMULATOR,24.98,100.24,5442.47,416.83,245.26,35.54,1.83
2026-09-01T20:50:00+00:00,DAC-DEMO-01,OPCUA_SIMULATOR,24.9,102.39,4642.78,427.58,235.97,32.21,1.744
2026-09-02T09:20:00+00:00,DAC-DEMO-01,OPCUA_SIMULATOR,25.57,101.79,4797.44,427.75,265.86,32.8,1.522
